lon,lat,score,type
145.7282268,-16.9142954,100,pole
145.7314511,-16.9220827,100,pole
145.7337665,-16.9202976,100,pole
145.73162546666666,-16.9216951,70,pole
145.7317616,-16.921373566666666,70,pole
145.7320409,-16.9207172,60,pole
145.7323855,-16.9201826,60,pole
145.73273075,-16.92021135,70,pole
145.73307599999998,-16.9202401,70,pole
145.73342125,-16.920268850000003,70,pole
145.7308596,-16.9158575,100,pole
145.7337553,-16.9167401,60,pole
145.73343193333335,-16.916672066666663,70,pole
145.73310856666666,-16.916604033333332,70,pole
145.7327852,-16.916536,100,pole
145.7308595,-16.9219609,100,pole
145.7318129,-16.9192169,100,pole
145.7309285,-16.9217465,60,pole
145.73096966666668,-16.921344966666666,70,pole
145.73101083333333,-16.920943433333335,70,pole
145.731115,-16.9205213,60,pole
145.7314906,-16.9205074,60,pole
145.7315682,-16.92025506666667,70,pole
145.7316415,-16.9200186,60,pole
145.7317131,-16.9197855,60,pole
145.7317991,-16.9193684,60,pole
145.7279488,-16.9144992,100,pole
145.72825426666668,-16.914526199999997,70,pole
145.72850043333332,-16.91455003333333,70,pole
145.7286873,-16.9145707,60,pole
145.7296691,-16.9148935,60,pole
145.72984956666667,-16.9150005,70,pole
145.73003996666665,-16.915123233333333,70,pole
145.7302403,-16.9152617,60,pole
145.73042646666664,-16.915394799999998,70,pole
145.73061263333332,-16.9155279,70,pole
145.7310454,-16.9158236,60,pole
145.7311818,-16.915902,60,pole
145.73119223333333,-16.916184,70,pole
145.7310198,-16.9165145,60,pole
145.73077173333334,-16.917025566666666,70,pole
145.7403238,-16.9199373,100,pole
145.7403594,-16.919601266666668,70,pole
145.74039499999998,-16.919265233333334,70,pole
145.7390405,-16.9181469,100,pole
145.73877406666665,-16.9180538,70,pole
145.7382412,-16.9178676,60,pole
145.73788003333334,-16.917748433333333,70,pole
145.73751886666668,-16.917629266666665,70,pole
145.7413836,-16.9175881,100,pole
145.7412898,-16.9177136,60,pole
145.74110626666666,-16.917984399999998,70,pole
145.74092273333332,-16.918255199999997,70,pole
145.7405563,-16.9191251,100,pole
145.7405125,-16.919489466666665,70,pole
145.74046869999998,-16.919853833333335,70,pole
145.7405779,-16.9189279,60,pole
145.73586152000001,-16.91717098,70,pole
145.73546364,-16.917089859999997,70,pole
145.73506576,-16.91700874,70,pole
145.73466788000002,-16.91692762,70,pole
145.73427,-16.9168465,60,pole
145.7362532,-16.9173122,60,pole
145.7397101,-16.9182681,100,pole
145.7405897,-16.9183691,60,pole
145.7392435333333,-16.92283153333333,70,pole
145.7390394,-16.9225211,60,pole
145.73908495,-16.922155725000003,70,pole
145.7391305,-16.921790350000002,70,pole
145.73917605,-16.921424975,70,pole
145.73924466666665,-16.920857866666665,70,pole
145.7382246,-16.924121,100,pole
145.7406462,-16.9227038,100,pole
145.7404266,-16.9226549,60,pole
145.7385182,-16.923849099999998,70,pole
145.7388,-16.9236137,60,pole
145.73899826666667,-16.923453466666665,70,pole
145.73919653333334,-16.923293233333332,70,pole
145.7399709,-16.9233986,100,pole
145.73404069999998,-16.92031933333333,70,pole
145.7341778,-16.9203302,60,pole
145.7345076,-16.920356339999998,70,pole
145.7348374,-16.92038248,70,pole
145.7351672,-16.92040862,70,pole
145.735497,-16.92043476,70,pole
145.7358268,-16.9204609,100,pole
145.73620784444446,-16.920493799999996,70,pole
145.7365888888889,-16.9205267,70,pole
145.73696993333334,-16.920559599999997,70,pole
145.7373509777778,-16.920592499999998,70,pole
145.73773202222225,-16.9206254,70,pole
145.73811306666667,-16.9206583,70,pole
145.73849411111112,-16.9206912,70,pole
145.73887515555555,-16.920724099999997,70,pole
145.73374613333334,-16.92055573333333,70,pole
145.73372576666665,-16.920813866666663,70,pole
145.7336792,-16.9212731,60,pole
145.7336522,-16.921572166666664,70,pole
145.73362519999998,-16.921871233333334,70,pole
145.73370276666668,-16.922452566666664,70,pole
145.73942243333335,-16.920771066666667,70,pole
145.73958866666666,-16.920785133333332,70,pole
145.7402925,-16.92022203333333,70,pole
145.740115,-16.920857499999997,70,pole
145.7399034,-16.9208377,60,pole
145.736306,-16.9170158,60,pole
145.7370219,-16.9172537,60,pole
145.7398876,-16.9184429,60,pole
145.73960523333332,-16.91834423333333,70,pole
145.7310041,-16.9191484,100,pole
145.73127369999997,-16.919171233333334,70,pole
145.7315433,-16.919194066666666,70,pole
145.73205273333332,-16.919237199999998,70,pole
145.73229256666667,-16.9192575,70,pole
145.7325324,-16.9192778,100,pole
145.732862975,-16.9193057,70,pole
145.73319355,-16.9193336,70,pole
145.733524125,-16.9193615,70,pole
145.7338547,-16.9193894,60,pole
145.734230525,-16.91942125,70,pole
145.73460634999998,-16.9194531,70,pole
145.73498217499997,-16.91948495,70,pole
145.735358,-16.9195168,70,pole
145.73573382499998,-16.91954865,70,pole
145.73610965,-16.919580500000002,70,pole
145.736485475,-16.91961235,70,pole
145.7368613,-16.9196442,100,pole
145.7372460222222,-16.91967676666667,70,pole
145.73763074444443,-16.919709333333333,70,pole
145.73801546666664,-16.9197419,70,pole
145.73840018888887,-16.919774466666667,70,pole
145.7387849111111,-16.919807033333335,70,pole
145.73916963333332,-16.9198396,70,pole
145.73955435555555,-16.919872166666668,70,pole
145.73993907777776,-16.919904733333333,70,pole
145.73689229999997,-16.919280033333333,70,pole
145.7369233,-16.918915866666666,70,pole
145.7369543,-16.9185517,60,pole
145.73697993333332,-16.918295166666667,70,pole
145.73700556666665,-16.91803863333333,70,pole
145.7339519,-16.9183051,100,pole
145.7403095,-16.9188296,100,pole
145.7343272,-16.918335925,70,pole
145.7347025,-16.91836675,70,pole
145.7350778,-16.918397575,70,pole
145.7354531,-16.9184284,70,pole
145.7358284,-16.918459225,70,pole
145.7362037,-16.91849005,70,pole
145.736579,-16.918520875,70,pole
145.73732710000002,-16.918582577777777,70,pole
145.7376999,-16.918613455555555,70,pole
145.73807269999998,-16.918644333333333,70,pole
145.7384455,-16.918675211111108,70,pole
145.7388183,-16.91870608888889,70,pole
145.73919109999997,-16.918736966666664,70,pole
145.7395639,-16.918767844444446,70,pole
145.7399367,-16.91879872222222,70,pole
145.7377379,-16.9245131,100,pole
145.73790013333334,-16.9243824,70,pole
145.73806236666667,-16.9242517,70,pole
145.7395243,-16.9230059,60,pole
145.7353221,-16.922003,60,pole
145.7367801,-16.9220901,60,pole
145.7369787,-16.9219263,60,pole
145.7370919,-16.921712266666667,70,pole
145.7374164,-16.921361,60,pole
145.7377244,-16.921383199999998,70,pole
145.7379985,-16.9214139,60,pole
145.7381842,-16.9221938,100,pole
145.7381462,-16.9225938,60,pole
145.7382068,-16.9228368,60,pole
145.7383048,-16.9230199,60,pole
145.7384714,-16.9232362,60,pole
145.7385737,-16.9233569,60,pole
145.7344943,-16.9211382,100,pole
145.73470399999997,-16.921158966666667,70,pole
145.7349137,-16.921179733333332,70,pole
145.7346183,-16.9226315,60,pole
145.7345824,-16.9223981,60,pole
145.7346002,-16.9219485,60,pole
145.73478896666666,-16.9218615,70,pole
145.73497773333332,-16.921774499999998,70,pole
145.73532616666665,-16.921613766666667,70,pole
145.735731,-16.9213403,60,pole
145.7357688,-16.9212349,60,pole
145.73578813333333,-16.9209769,70,pole
145.73580746666667,-16.920718899999997,70,pole
145.7319053,-16.9230589,100,pole
145.7319282,-16.922773,70,pole
145.7318195,-16.9221384,60,pole
145.73163856666667,-16.92209976666667,70,pole
145.7327989,-16.9209898,100,pole
145.73310106666668,-16.9210172,70,pole
145.73340323333332,-16.9210446,70,pole
145.7310894,-16.9180567,100,pole
145.7326424,-16.9181781,100,pole
145.73147765000002,-16.91808705,70,pole
145.7318659,-16.9181174,70,pole
145.73225415,-16.91814775,70,pole
145.7327779,-16.9223948,100,pole
145.7318059,-16.9216038,60,pole
145.7320046,-16.9216826,60,pole
145.7322515333333,-16.921801933333334,70,pole
145.7324662,-16.921914,60,pole
145.7326078,-16.9220489,60,pole
145.73272120000001,-16.9222795,70,pole
145.7340689,-16.9169469,60,pole
145.73404383333332,-16.917236699999997,70,pole
145.7340045,-16.9176671,100,pole
145.73396943333333,-16.91809243333333,70,pole
145.73391949999998,-16.918666533333333,70,pole
145.7338871,-16.91902796666667,70,pole
145.73382529999998,-16.919692133333335,70,pole
145.7337959,-16.919994866666666,70,pole
145.73276373333331,-16.916776733333332,70,pole
145.73274226666666,-16.917017466666664,70,pole
145.7327208,-16.9172582,100,pole
145.73269466666667,-16.91756483333333,70,pole
145.73266853333334,-16.917871466666664,70,pole
145.73260573333334,-16.918544666666666,70,pole
145.73256906666666,-16.918911233333333,70,pole
145.73432006666667,-16.916724,70,pole
145.7345332333333,-16.916768599999997,70,pole
145.7347464,-16.9168132,60,pole
145.73512955,-16.916893325,70,pole
145.73551270000002,-16.91697345,70,pole
145.73589585000002,-16.917053575,70,pole
145.7364834,-16.9171807,60,pole
145.7367212,-16.9172417,60,pole
145.73741535,-16.917467175,70,pole
145.7377385,-16.91757995,70,pole
145.73806165000002,-16.917692725000002,70,pole
145.73853226666665,-16.917856899999997,70,pole
145.731266,-16.9171339,100,pole
145.7316297,-16.917164975,70,pole
145.73199340000002,-16.91719605,70,pole
145.7323571,-16.917227125,70,pole
145.73995883333333,-16.918355466666664,70,pole
145.74020756666667,-16.91844283333333,70,pole
145.7404563,-16.9185302,60,pole
145.7400454333333,-16.922298766666664,70,pole
145.74009146666666,-16.921895433333333,70,pole
145.74039376666667,-16.920481066666667,70,pole
145.74035393333332,-16.920816966666667,70,pole
145.74032003333332,-16.921102666666666,70,pole
145.7402765,-16.9214696,60,pole
145.74023949999997,-16.921773466666664,70,pole
145.74019366666664,-16.922149599999997,70,pole
145.74016633333332,-16.9223738,70,pole
145.740139,-16.922598,60,pole
145.735718,-16.9222518,60,pole
145.735494,-16.9223993,60,pole
145.7353197,-16.9225405,60,pole
145.734684,-16.9229228,60,pole
145.7373219,-16.9227085,60,pole
145.7374822,-16.9225866,60,pole
145.7375442,-16.9224826,60,pole
145.7378438,-16.9221607,60,pole
145.7379724,-16.9221606,60,pole
145.7370349,-16.9227342,60,pole
145.7369062,-16.9225443,60,pole
145.7367131,-16.9223005,60,pole
145.7363966,-16.9221722,60,pole
145.7362866,-16.9221594,60,pole
145.7368825,-16.9175939,60,pole
145.73662496666665,-16.917572766666666,70,pole
145.736171,-16.9175494,100,pole
145.73438791666666,-16.917409566666667,70,pole
145.73474453333333,-16.91743753333333,70,pole
145.73510115,-16.9174655,70,pole
145.73545776666668,-16.917493466666663,70,pole
145.73581438333335,-16.91752143333333,70,pole
145.7397818,-16.9228528,70,pole
145.7398837,-16.9227771,60,pole
145.7314263,-16.9160228,60,pole
145.7317112,-16.9161379,60,pole
145.731888,-16.9161979,60,pole
145.7321624,-16.9162755,60,pole
145.73251708,-16.91634892,70,pole
145.73287176,-16.91642234,70,pole
145.73322644,-16.91649576,70,pole
145.73358112,-16.91656918,70,pole
145.7339358,-16.9166426,60,pole
145.7335206,-16.9175658,100,pole
145.73378783333334,-16.917644566666663,70,pole
145.73897403333334,-16.918011099999998,70,pole
145.73934206666667,-16.918139599999996,70,pole
145.7352681,-16.9132177,100,pole
145.7341422,-16.9165433,60,pole
145.73422346666666,-16.9162245,70,pole
145.7343156,-16.9158591,60,pole
145.7343734333333,-16.9156029,70,pole
145.73443126666666,-16.9153467,70,pole
145.7344891,-16.9150905,60,pole
145.73454293333333,-16.914861533333333,70,pole
145.73459676666664,-16.91463256666667,70,pole
145.734737,-16.9141499,60,pole
145.73488796666663,-16.9138851,70,pole
145.73503893333333,-16.9136203,70,pole
145.73891506190517,-16.923066036746963,10,house
145.73291479999997,-16.916832749999998,10,house
145.73760145800964,-16.922788609408986,10,house
145.7324779976244,-16.922196500657183,10,house
145.73230657180005,-16.92204589491932,10,house
145.73663323611703,-16.917864074416915,10,house
145.7334972541844,-16.922709822046574,10,house
145.7342770225473,-16.922268102101604,10,house
145.73249567877653,-16.92241029270292,10,house
145.73477774729977,-16.922719959930962,10,house
145.7336653728177,-16.922823733209846,10,house
145.73343546698985,-16.922500683685094,10,house
145.73397030130212,-16.922458645985685,10,house
145.7374820788222,-16.923824296799598,10,house
145.7390818377659,-16.922982239295305,10,house
145.73866906066544,-16.92319893897716,10,house
145.73636765000003,-16.91828835,10,house
145.73855559999998,-16.923051899999997,10,house
145.73881065000003,-16.923320450000002,10,house
145.73609249045987,-16.917414223321547,10,house
145.73844035000002,-16.922891350000004,10,house
145.7378469855559,-16.92125075179494,10,house
145.73700289596914,-16.921450176074462,10,house
145.7319233832203,-16.92146589580018,10,house
145.7376415322065,-16.921236787840524,10,house
145.73207626411227,-16.92153151252274,10,house
145.73302663850924,-16.921222401916744,10,house
145.73694024270102,-16.921635677540575,10,house
145.73555480360875,-16.921025093636057,10,house
145.7346784649985,-16.92100571237985,10,house
145.73747168058784,-16.921220114953943,10,house
145.73348366726685,-16.92047599286566,10,house
145.73675473147088,-16.920784042825694,10,house
145.73559498104038,-16.920267215129385,10,house
145.73115900400464,-16.92038485565069,10,house
145.73864325542192,-16.920942841799015,10,house
145.73270116160734,-16.920791186820985,10,house
145.73331615519808,-16.9208897670752,10,house
145.73544464398154,-16.92021336567599,10,house
145.73302373576723,-16.920479887974306,10,house
145.7398611785699,-16.921560709972386,10,house
145.7389086551649,-16.921280777973138,10,house
145.73457901128464,-16.920147033598262,10,house
145.73593433411,-16.920266014260104,10,house
145.73751756722336,-16.920837124968244,10,house
145.73598084844855,-16.92070656911001,10,house
145.73692253302667,-16.920782488298553,10,house
145.73396186958763,-16.92049937234914,10,house
145.73652759246337,-16.920782056759954,10,house
145.73635387100197,-16.920751653764142,10,house
145.73242533182537,-16.920380651109646,10,house
145.7326793580338,-16.920448510339536,10,house
145.73842939675134,-16.922042210763117,10,house
145.7374057,-16.922846749999994,10,house
145.7348600774752,-16.9210104948667,10,house
145.7310939110366,-16.921196929619644,10,house
145.73086312677694,-16.92076994424748,10,house
145.73874586945934,-16.9211257379839,10,house
145.73167775000002,-16.920855100000004,10,house
145.73106049999998,-16.921320899999998,10,house
145.7377383653671,-16.923586497223642,10,house
145.7375624666318,-16.923304449880625,10,house
145.73260775000003,-16.921235900000006,10,house
145.73767856605008,-16.92337854837937,10,house
145.73556523313167,-16.921993849667086,10,house
145.73677991470822,-16.92129306255959,10,house
145.73083935000002,-16.920875000000002,10,house
145.73213661932937,-16.921090904341852,10,house
145.73662503671625,-16.921535215971822,10,house
145.73081084999998,-16.921083799999995,10,house
145.73567768135112,-16.921842207412165,10,house
145.73173845,-16.9209401,10,house
145.73208391172707,-16.921151281312,10,house
145.73250480000002,-16.921049000000004,10,house
145.73111289121857,-16.92109788005198,10,house
145.73081892648662,-16.920985692910385,10,house
145.7377446589014,-16.923131234640437,10,house
145.7380135618987,-16.92378929310407,10,house
145.7358822193741,-16.9216413088071,10,house
145.73088012560652,-16.92066129349831,10,house
145.73824736092615,-16.923676785363767,10,house
145.733891956397,-16.92104167666847,10,house
145.73655075,-16.9212107,10,house
145.737119561977,-16.920825025467213,10,house
145.73771470000003,-16.920864450000007,10,house
145.73806031668525,-16.921740824914547,10,house
145.7390333,-16.92116415,10,house
145.73114114999998,-16.920685549999998,10,house
145.73466793230557,-16.922161173402372,10,house
145.73419170348697,-16.920575362735992,10,house
145.73555306384773,-16.92080873175948,10,house
145.73475800094528,-16.920158375186652,10,house
145.73845240741542,-16.920936832199267,10,house
145.7339152276378,-16.920671265511874,10,house
145.733118637225,-16.92086157766528,10,house
145.73937881935595,-16.921335967393176,10,house
145.7361547016445,-16.92074128851117,10,house
145.73806557726792,-16.920908437158676,10,house
145.73131721859195,-16.92070654454085,10,house
145.73455900960954,-16.920616814890412,10,house
145.73526886349083,-16.92021704273341,10,house
145.73824441529632,-16.920904569305797,10,house
145.7349262814465,-16.920176189521374,10,house
145.7393514193362,-16.92150290455818,10,house
145.7323498641889,-16.92054690416713,10,house
145.7351304982607,-16.920653341727753,10,house
145.73104017747352,-16.920210633162785,10,house
145.73346687877293,-16.92064428176143,10,house
145.7343727321679,-16.920586405930408,10,house
145.7389238190512,-16.921468871088482,10,house
145.73321068899375,-16.920471108115237,10,house
145.73126376970956,-16.920419134933496,10,house
145.73138665334156,-16.920405130988797,10,house
145.7357676556119,-16.920230484616905,10,house
145.7398145431664,-16.922117558453106,10,house
145.73179446325517,-16.920690629583575,10,house
145.73558700354792,-16.920650037798797,10,house
145.73184969428115,-16.920526526714713,10,house
145.73293247862253,-16.92083858848493,10,house
145.73983661537116,-16.92194194408519,10,house
145.7388427859773,-16.920932939040725,10,house
145.73963541842474,-16.921888813201573,10,house
145.73089689667486,-16.920434595817234,10,house
145.7334786759281,-16.92089139182712,10,house
145.7396940616271,-16.921960196062503,10,house
145.73284682593476,-16.920477194112394,10,house
145.73510000000002,-16.9201776,10,house
145.73089357421534,-16.920552404909216,10,house
145.73350579151722,-16.920811521544397,10,house
145.7376786,-16.9215804,10,house
145.73532505,-16.9206621,10,house
145.73291842394653,-16.920741805223724,10,house
145.737330824004,-16.92082870547089,10,house
145.73494025,-16.9206193,10,house
145.73141809999998,-16.9224809,10,house
145.73182964999998,-16.922394299999997,10,house
145.7315992364432,-16.922567774008805,10,house
145.73224278677873,-16.92237212318432,10,house
145.7389083,-16.921712699999997,10,house
145.7317531625228,-16.922509976644186,10,house
145.73169685,-16.9223544,10,house
145.73209952428095,-16.92229280493428,10,house
145.73106900591247,-16.922438775745654,10,house
145.73801135000002,-16.9215761,10,house
145.7378797568701,-16.921567220942777,10,house
145.73749283147956,-16.92153262850936,10,house
145.73128097938286,-16.92186388269767,10,house
145.73338244229691,-16.92159544783807,10,house
145.73388199931193,-16.921224523642753,10,house
145.73118620572498,-16.922033918994416,10,house
145.73610103787692,-16.921741027538857,10,house
145.7317682155352,-16.921805628508032,10,house
145.73142019324825,-16.921556704723336,10,house
145.73626909910752,-16.921766326053582,10,house
145.73423400802733,-16.921236706347916,10,house
145.73958224999998,-16.9226876,10,house
145.7346764336198,-16.92169012929734,10,house
145.73883955,-16.92218145,10,house
145.73844832690665,-16.921849332334684,10,house
145.73082013695313,-16.922801073925534,10,house
145.73459488373206,-16.92178281054358,10,house
145.7393605430708,-16.922208411582446,10,house
145.73878765,-16.921848200000003,10,house
145.7374414140825,-16.922298888680327,10,house
145.7393228331341,-16.92239123209735,10,house
145.7388652490677,-16.922786290042595,10,house
145.7387292764366,-16.922557559522854,10,house
145.73289366172682,-16.92223504094027,10,house
145.73876156023502,-16.922014524631482,10,house
145.73803116888897,-16.92198353856894,10,house
145.7383972458501,-16.922208658357956,10,house
145.73212007176005,-16.921974662336073,10,house
145.73730721948846,-16.921618806472495,10,house
145.73891830982478,-16.921626213767823,10,house
145.73193735051728,-16.921877846962897,10,house
145.73334346959544,-16.92213396039924,10,house
145.7338554033248,-16.92158654188147,10,house
145.733849873546,-16.92175910753987,10,house
145.7385052208303,-16.921657353953655,10,house
145.73336352375856,-16.921939108760206,10,house
145.73126536158668,-16.9225423765344,10,house
145.73160750000002,-16.9223816,10,house
145.73820247663164,-16.92128536334643,10,house
145.73727801678493,-16.921193181988226,10,house
145.73884436995954,-16.921141299882827,10,house
145.73800259974547,-16.923041615897695,10,house
145.73722763634734,-16.92179273107414,10,house
145.73147386045835,-16.921361543030027,10,house
145.73393570725673,-16.9208685703639,10,house
145.73608119052398,-16.921075246915244,10,house
145.7325198239992,-16.920889600474954,10,house
145.73318824557612,-16.92123601119875,10,house
145.73854881626573,-16.921460758475842,10,house
145.73476368183643,-16.920590780985783,10,house
145.73554135473606,-16.921177100698262,10,house
145.73640392897323,-16.921134008410352,10,house
145.7321694566405,-16.920923298828317,10,house
145.73443923403536,-16.92092128388578,10,house
145.7363216433966,-16.92137128698576,10,house
145.73581627521253,-16.92156312126203,10,house
145.7328323554683,-16.92123498273829,10,house
145.73843470421292,-16.92130117488574,10,house
145.73422983253172,-16.921054576664833,10,house
145.73594011466756,-16.92130032977809,10,house
145.73163404292984,-16.921052044812054,10,house
145.7322339924417,-16.920754732421905,10,house
145.73506271680756,-16.921039660027795,10,house
145.73547553910626,-16.92131801151922,10,house
145.73593966445566,-16.921735792365478,10,house
145.73685385064977,-16.9211524884951,10,house
145.73714046787234,-16.921301754207466,10,house
145.73529904157078,-16.921085241927727,10,house
145.73802375355706,-16.921257598056528,10,house
145.7364346574986,-16.922003077508663,10,house
145.73227169083773,-16.921633356635397,10,house
145.73483928151964,-16.92134685505849,10,house
145.7333738697841,-16.921784830927482,10,house
145.73386900479244,-16.921406804024773,10,house
145.73241457653305,-16.921700174098937,10,house
145.7307811,-16.9217604,10,house
145.73516096018741,-16.921530777182994,10,house
145.7338305236132,-16.921932505392185,10,house
145.73339482333932,-16.921381061723068,10,house
145.73079161084763,-16.921517219302263,10,house
145.730787,-16.921625849999998,10,house
145.7334408,-16.9212117,10,house
145.73645966003315,-16.921777219691975,10,house
145.73079518728414,-16.921413073959595,10,house
145.73080944999998,-16.92131025,10,house
145.73442426954088,-16.921377026381844,10,house
145.73075033152378,-16.922116188379402,10,house
145.73082695000002,-16.92120385,10,house
145.73338576061536,-16.921519869101736,10,house
145.7313330629294,-16.921705410516015,10,house
145.73257247200772,-16.921802750655477,10,house
145.73505521514295,-16.921369979978422,10,house
145.73460588434276,-16.921356463746253,10,house
145.73611067495003,-16.921314869638255,10,house
145.73647284285158,-16.92144288614776,10,house
145.73155385663657,-16.921204733230947,10,house
145.7387941719764,-16.91892044528958,10,house
145.73955241846815,-16.91907225876622,10,house
145.73706263991002,-16.91943702871135,10,house
145.7330327382499,-16.919536961872755,10,house
145.73232862740159,-16.91950567362419,10,house
145.73889971916472,-16.92000688994779,10,house
145.73986053328292,-16.91970330648978,10,house
145.7396854678367,-16.91965630438079,10,house
145.74015125360293,-16.918986451079284,10,house
145.7391619610952,-16.918982883358108,10,house
145.7366725961337,-16.919185633081707,10,house
145.73743969799602,-16.919270612322425,10,house
145.73819912082078,-16.91953928262243,10,house
145.73928266170324,-16.919653071067362,10,house
145.73799487644735,-16.919561082549762,10,house
145.73801948475491,-16.91929139533593,10,house
145.73286606804342,-16.91954041503235,10,house
145.73613795289128,-16.918934041354465,10,house
145.73744545856158,-16.91937545553809,10,house
145.73910529923978,-16.91961570359632,10,house
145.73666885280534,-16.919390077484916,10,house
145.73344654201873,-16.919565075090897,10,house
145.7339528,-16.919723749999996,10,house
145.7331979,-16.91974175,10,house
145.73358135,-16.920059250000005,10,house
145.73391855,-16.919793149999997,10,house
145.73342498194333,-16.919746874041053,10,house
145.73454498584562,-16.919749477491315,10,house
145.73226817118078,-16.91991646186364,10,house
145.73208955438207,-16.920009541056405,10,house
145.7326823310904,-16.919503416274853,10,house
145.73573470376755,-16.919311510962803,10,house
145.73858469975988,-16.91889693273276,10,house
145.7370825774003,-16.91886565319331,10,house
145.73842751075728,-16.91903038711043,10,house
145.73712127288496,-16.919079206414043,10,house
145.7380462161717,-16.91890440040708,10,house
145.73791144999998,-16.92040415,10,house
145.74011346315984,-16.919755466403117,10,house
145.73930431353267,-16.92009025018104,10,house
145.74002494848594,-16.91898893455344,10,house
145.7362983312319,-16.919366014341417,10,house
145.73997212480947,-16.919107737304227,10,house
145.73592692511895,-16.91918958349777,10,house
145.7391355,-16.92006025,10,house
145.73363005,-16.91959655,10,house
145.73955550000002,-16.919196850000006,10,house
145.7401954,-16.9196066,10,house
145.74009354999998,-16.91959745,10,house
145.73885134999998,-16.9194376,10,house
145.73938192557748,-16.91902556100003,10,house
145.7323288,-16.919641699999996,10,house
145.73999935,-16.91951855,10,house
145.73833639367137,-16.91956962293632,10,house
145.73670642257196,-16.918982511646714,10,house
145.7372454774269,-16.919451090284618,10,house
145.73759357421423,-16.919247105961357,10,house
145.74013575919443,-16.91924942564117,10,house
145.73761851841442,-16.91948551477694,10,house
145.73943065,-16.919683400000004,10,house
145.74013157598606,-16.91950714003372,10,house
145.73955117050875,-16.919693862306218,10,house
145.7324888,-16.91949645,10,house
145.73800119999999,-16.91943475,10,house
145.7395081,-16.919471049999995,10,house
145.73398054999998,-16.919627249999994,10,house
145.7374240461587,-16.91950979833809,10,house
145.7399165952874,-16.918982332721068,10,house
145.73853056329273,-16.919452277650784,10,house
145.73608501647303,-16.919372326629496,10,house
145.73611602342217,-16.92031364204028,10,house
145.7380032107082,-16.919957813159964,10,house
145.73627418018268,-16.920281952117612,10,house
145.73400152042288,-16.91996661101118,10,house
145.7366233426274,-16.920320824578948,10,house
145.73850286918707,-16.920486469478856,10,house
145.73854980004884,-16.920026431987953,10,house
145.73397109632495,-16.920139173645115,10,house
145.73441438514143,-16.920160798314765,10,house
145.73568853097916,-16.91977366037101,10,house
145.73908136037164,-16.92054895102341,10,house
145.73720038001755,-16.919881639456147,10,house
145.73510931979166,-16.919732619273155,10,house
145.7366441344456,-16.919863840645863,10,house
145.73801431787533,-16.920305865878568,10,house
145.73740785209685,-16.91990549188266,10,house
145.73678088847655,-16.920350817093713,10,house
145.73587790280203,-16.919779611179493,10,house
145.73899080072968,-16.92100990913022,10,house
145.73701784156174,-16.919886709848075,10,house
145.73339122709055,-16.920079130357415,10,house
145.7383328163962,-16.920481303952684,10,house
145.7347559477137,-16.91968581252501,10,house
145.73552619942166,-16.91975067817609,10,house
145.73283232156027,-16.919994533493256,10,house
145.7330152966547,-16.920045802624525,10,house
145.73971965853102,-16.921353063772262,10,house
145.73193673004303,-16.9203363211375,10,house
145.73327466308146,-16.919567886776605,10,house
145.73925429300263,-16.92055787811297,10,house
145.73246224229743,-16.919959080478968,10,house
145.7342808156945,-16.919682959850217,10,house
145.73201880403758,-16.920179751160987,10,house
145.73974899150903,-16.921090248155778,10,house
145.73320861391642,-16.92002876513165,10,house
145.73265192415494,-16.919977108156043,10,house
145.73887835,-16.920517400000005,10,house
145.73870588180952,-16.920529196293305,10,house
145.73644762651128,-16.920276749930103,10,house
145.7376276891184,-16.91994516344391,10,house
145.73681337553379,-16.919893558433678,10,house
145.7340451,-16.9198399,10,house
145.7383455237887,-16.919990358755186,10,house
145.73602765,-16.91988015,10,house
145.73938322697163,-16.921031181645137,10,house
145.73693538618625,-16.919997669242836,10,house
145.73531425,-16.91975175,10,house
145.73849414999998,-16.92029515,10,house
145.73934868832114,-16.921191973479317,10,house
145.7366121,-16.9200051,10,house
145.73493772611877,-16.919823345060014,10,house
145.73813845,-16.92044315,10,house
145.7349728237976,-16.91970821456636,10,house
145.73788745000002,-16.920899599999995,10,house
145.73644901582873,-16.919847885599463,10,house
145.73500415816085,-16.918689376609308,10,house
145.73945605,-16.920533100000004,10,house
145.73147015647993,-16.917692925572638,10,house
145.73226403645694,-16.917968151895185,10,house
145.73204717332393,-16.917945562701405,10,house
145.7348852601918,-16.918141824967318,10,house
145.73409025820155,-16.91853735882901,10,house
145.73808515980525,-16.918430826642922,10,house
145.73154455634875,-16.917381126470787,10,house
145.73112884029146,-16.917869588418817,10,house
145.7310574513171,-16.916665949314517,10,house
145.73127341188376,-16.918372313079,10,house
145.73299912624887,-16.9171216822943,10,house
145.7334518264987,-16.91730884299749,10,house
145.7332413557253,-16.917810741126935,10,house
145.73230804204758,-16.91745943946766,10,house
145.73234574182626,-16.916695558325202,10,house
145.73517180823134,-16.91728066856414,10,house
145.73362918169562,-16.917368293424595,10,house
145.73171852126382,-16.91742442303726,10,house
145.73683283755466,-16.91793757885394,10,house
145.7321942296468,-16.916793523401637,10,house
145.73252459958277,-16.91674423095019,10,house
145.73469723353782,-16.918115083176197,10,house
145.73514655,-16.91790985,10,house
145.7328088,-16.9188666,10,house
145.73167336894318,-16.917904064220103,10,house
145.7398413766114,-16.92062919483242,10,house
145.73847752526714,-16.918495241584278,10,house
145.73339307316968,-16.918537305281514,10,house
145.73118265,-16.918888499999998,10,house
145.73139607598912,-16.918959645215068,10,house
145.73777735425347,-16.91850947597564,10,house
145.73768623834724,-16.918831424227402,10,house
145.73845695,-16.9183783,10,house
145.7357807265519,-16.918725443307295,10,house
145.73357302687575,-16.918621395059006,10,house
145.73883870300335,-16.919624220382996,10,house
145.73823044999997,-16.91907815,10,house
145.73437530660848,-16.917602326185104,10,house
145.73487873359045,-16.91786606702147,10,house
145.73945924687388,-16.92020982413612,10,house
145.73605172627083,-16.91776969304549,10,house
145.73414350000002,-16.918100250000002,10,house
145.73823030365517,-16.918920726582567,10,house
145.73203435,-16.916852549999998,10,house
145.7342556764945,-16.917089766206452,10,house
145.73181391550048,-16.916565179649574,10,house
145.73716555576996,-16.918226076187413,10,house
145.73159580574813,-16.918500726373846,10,house
145.73178515,-16.9166438,10,house
145.73196085000004,-16.9170245,10,house
145.73733067601032,-16.9183318383521,10,house
145.73193258480123,-16.91687091829573,10,house
145.73145090967628,-16.916975276428214,10,house
145.7312999,-16.918507549999998,10,house
145.73719331620254,-16.917970382637552,10,house
145.73093504209317,-16.91689401839651,10,house
145.7366445,-16.9183785,10,house
145.7317882624759,-16.917000726142895,10,house
145.73810659999998,-16.9181112,10,house
145.73148841032534,-16.91790187565536,10,house
145.73738815000002,-16.9181883,10,house
145.7310296300189,-16.91851518689038,10,house
145.73089817207017,-16.916990487436273,10,house
145.73488846727716,-16.917275401500913,10,house
145.73143782050587,-16.91832016188393,10,house
145.7378681190258,-16.918113955469575,10,house
145.7316481403855,-16.91835531646794,10,house
145.73291103697375,-16.917294288584298,10,house
145.7311810665292,-16.917373186003186,10,house
145.7344072421248,-16.917129848522464,10,house
145.73191168678568,-16.91744078378613,10,house
145.73773471420523,-16.918001790167807,10,house
145.73969745,-16.919209899999995,10,house
145.73120975,-16.916541399999996,10,house
145.73655935,-16.918347999999995,10,house
145.73245910000003,-16.917533650000003,10,house
145.73099054999997,-16.917220450000002,10,house
145.73382535,-16.917450549999998,10,house
145.73124555,-16.916962450000003,10,house
145.73216700463493,-16.917599275884385,10,house
145.73352839999998,-16.917103649999998,10,house
145.73385455,-16.917099299999997,10,house
145.7337994,-16.917277050000003,10,house
145.7318164215277,-16.918416010281497,10,house
145.7325267258027,-16.91685419512221,10,house
145.73233929999998,-16.9170478,10,house
145.73250027463848,-16.917043914335448,10,house
145.73165202433034,-16.91666696980869,10,house
145.73644035000004,-16.917808050000005,10,house
145.73415385,-16.917162850000004,10,house
145.73217520358173,-16.91699472648128,10,house
145.7328878073807,-16.91752062587733,10,house
145.73642166217732,-16.91798712931962,10,house
145.73435784999998,-16.916997549999998,10,house
145.73675351407852,-16.918376218364457,10,house
145.73319556687366,-16.917356584091177,10,house
145.7360152430686,-16.91826735453488,10,house
145.73132570778344,-16.91975368595073,10,house
145.73092091610025,-16.920111234870788,10,house
145.73353462556815,-16.91914756323598,10,house
145.7321448397846,-16.919040180055617,10,house
145.73326916533694,-16.91915519340209,10,house
145.7319719632762,-16.918994064109025,10,house
145.740005742852,-16.920273273352986,10,house
145.73115934999998,-16.920205350000003,10,house
145.73537145,-16.919311299999997,10,house
145.73102294295512,-16.920355173637905,10,house
145.7340468,-16.9192074,10,house
145.73459445722887,-16.919239876574256,10,house
145.73094359362904,-16.919764324086323,10,house
145.7347986,-16.919264199999997,10,house
145.7326565,-16.91897895,10,house
145.73213240852093,-16.919512976006576,10,house
145.73421985000004,-16.919222750000003,10,house
145.73856940862092,-16.91900877585085,10,house
145.7309545,-16.9198978,10,house
145.7315334,-16.9195773,10,house
145.7351905779127,-16.918929323367436,10,house
145.73896850000003,-16.919047149999997,10,house
145.73124917523606,-16.919584257598512,10,house
145.7309355,-16.9200054,10,house
145.73178676447807,-16.91900738140576,10,house
145.73898135,-16.918980099999995,10,house
145.7355341260192,-16.919338993571845,10,house
145.73614593937276,-16.91873147482128,10,house
145.73654301879358,-16.918745187533908,10,house
145.73346204999999,-16.918929900000002,10,house
145.73706460000002,-16.91896165,10,house
145.7388332966955,-16.91853013848765,10,house
145.73671679157397,-16.918755981626834,10,house
145.7328902398304,-16.919104201056058,10,house
145.73109891473473,-16.919704059340777,10,house
145.7396231221943,-16.92056436398606,10,house
145.73232246429143,-16.91901538627024,10,house
145.73231251267845,-16.918798801424895,10,house
145.73986565001002,-16.920232505106036,10,house
145.73998559761898,-16.92046246480901,10,house
145.73139054471434,-16.92022025729431,10,house
145.7354055397061,-16.918706599479762,10,house
145.73307951783,-16.919097739312075,10,house
145.7321306785243,-16.919636829950466,10,house
145.7327196721591,-16.919095779012153,10,house
145.73708104129938,-16.91876280099015,10,house
145.7312106844113,-16.919732989197467,10,house
145.73548747223182,-16.917737449981896,10,house
145.73787890560038,-16.918419385402085,10,house
145.73507273040966,-16.91817517550113,10,house
145.73582326209726,-16.91826597924766,10,house
145.73158591943016,-16.918988342936505,10,house
145.7361986397813,-16.918204142188145,10,house
145.73104540938178,-16.918849022301305,10,house
145.73568723730068,-16.917768708731785,10,house
145.73830816464442,-16.918164340101388,10,house
145.73526398398255,-16.918179615817028,10,house
145.73493970226744,-16.917693365241746,10,house
145.73455960685354,-16.91765785364003,10,house
145.73187933720587,-16.917952541153138,10,house
145.7336398421427,-16.91849606494805,10,house
145.73307475365493,-16.91844474883038,10,house
145.731549508949,-16.919467677733568,10,house
145.73523516640478,-16.918700436574408,10,house
145.7310578425196,-16.91948509007747,10,house
145.73131923875323,-16.917855931688283,10,house
145.73599185,-16.9180667,10,house
145.7390792,-16.918469350000002,10,house
145.7378445724179,-16.918921256844378,10,house
145.73727517374067,-16.91889430764595,10,house
145.73522126767637,-16.91801493511075,10,house
145.7341456,-16.91794865,10,house
145.73431112633196,-16.918148392407506,10,house
145.73581264999999,-16.9178065,10,house
145.73545090000002,-16.918230649999998,10,house
145.73578865,-16.917900350000007,10,house
145.7328555770196,-16.918706845812924,10,house
145.73588105,-16.917805949999998,10,house
145.73634764999997,-16.91872345,10,house
145.73681551021087,-16.918134975383243,10,house
145.73772560000003,-16.9184189,10,house
145.73498697790268,-16.91930243998398,10,house
145.7359747572672,-16.918709327199558,10,house
145.73529926891462,-16.918557464022026,10,house
145.73464752639677,-16.918637238524177,10,house
145.73625475,-16.91981875,10,house
145.73672071398812,-16.918844568004506,10,house
145.73440764999998,-16.91921245,10,house
145.735183480334,-16.919189704906024,10,house
145.7344309351966,-16.919295518995803,10,house
145.73483502332536,-16.91865487628357,10,house
145.73969013638245,-16.91859023029629,10,house
145.7374674332695,-16.91884544282476,10,house
145.74002406529948,-16.920108638839903,10,house
145.73241991797715,-16.917963757096402,10,house
145.73529313603456,-16.917846831513682,10,house
145.7345026933077,-16.91814139208093,10,house
145.73511241798113,-16.91773254949382,10,house
145.73445916046717,-16.918623974201118,10,house
145.7320132959268,-16.918435940696394,10,house
145.73473237253538,-16.91770696704643,10,house
145.7341771345456,-16.917606174478937,10,house
145.73430323704207,-16.918567883148953,10,house
145.7356121507115,-16.918676380230572,10,house
145.73599781492464,-16.921982326687562,10,house
145.73828979986123,-16.918470782219206,10,house
145.73728493846232,-16.91878411529346,10,house
145.7356399137982,-16.9181281923509,10,house
145.73624073406512,-16.917801181670022,10,house
145.73864088458237,-16.918483897932223,10,house
145.73579001705897,-16.92200668629289,10,house
145.73483890665705,-16.922493130154244,10,house
145.7383615756586,-16.92270048538895,10,house
145.73729557296593,-16.922413851827613,10,house
145.73836463595813,-16.922542779721205,10,house
145.73792441421372,-16.922352185051995,10,house
145.73769842988983,-16.922627730509426,10,house
145.73132840543857,-16.922371427323323,10,house
145.73138219999998,-16.922943449999998,10,house
145.73091717297328,-16.9232996551508,10,house
145.73792203863763,-16.922468325386635,10,house
145.73719715000001,-16.9225702,10,house
145.73125012288577,-16.922710512340252,10,house
145.7321157076895,-16.922471476614216,10,house
145.73123610583312,-16.922841577255642,10,house
145.73080763542856,-16.92297992316937,10,house
145.73774461620033,-16.92241257779011,10,house
145.7307834618588,-16.923210119171046,10,house
145.7320399,-16.9224465,10,house
145.73386601325532,-16.922302755015057,10,house
145.73380895427198,-16.922154944482706,10,house
145.7327322181944,-16.922693362491483,10,house
145.7317813690123,-16.922977137929163,10,house
145.7343536,-16.922465050000003,10,house
145.7315452,-16.923027349999995,10,house
145.7338469813955,-16.92279102096874,10,house
145.73142955,-16.923088950000004,10,house
145.73397625747288,-16.922620980670725,10,house
145.73163954180544,-16.922999975138765,10,house
145.73442868322985,-16.922650201913864,10,house
145.73134570000002,-16.923097349999995,10,house
145.7325904601844,-16.922591701393387,10,house
145.73301982537888,-16.92242253357694,10,house
145.73879108488936,-16.922366287414885,10,house
145.73692006664095,-16.922184585839783,10,house
145.73484849820377,-16.922030662134958,10,house
145.73504525743584,-16.921922335725736,10,house
145.73764176709744,-16.92201974885102,10,house
145.73932409367916,-16.921691846979794,10,house
145.7333702969964,-16.922314921196058,10,house
145.7328252063345,-16.92208781633967,10,house
145.73450116428404,-16.921797957590616,10,house
145.73755125768355,-16.922149018878766,10,house
145.7342498670936,-16.92211832754539,10,house
145.73218260000002,-16.916654849999997,10,house
145.73931920687926,-16.921863536211845,10,house
145.73863687594948,-16.92215959318413,10,house
145.73297060000002,-16.92258225,10,house
145.7372111595363,-16.921974878944766,10,house
145.73100407388762,-16.92256480519866,10,house
145.730895,-16.922600449999997,10,house
145.73200141189312,-16.916621179926253,10,house
145.73977888669498,-16.922302319451425,10,house
145.73099212582665,-16.922800343613922,10,house
145.7366926721727,-16.921920807106776,10,house
145.7371151,-16.92213455,10,house
145.73678565,-16.92176245,10,house
145.73090779999998,-16.9227942,10,house
145.73942885,-16.9228125,10,house
145.7348754021631,-16.921615368236754,10,house
145.73083968065035,-16.922646762186208,10,house
145.73786168282007,-16.921991433773133,10,house
145.7312263,-16.922995749999995,10,house
145.73220277384766,-16.922766854679367,10,house
145.73206292623152,-16.922683744687745,10,house
145.73617035,-16.922002800000005,10,house
145.73095983770523,-16.922919873610685,10,house
145.7383070235358,-16.922473554933397,10,house
145.732042,-16.922917400000003,10,house
145.73218645,-16.922998999999997,10,house
145.7315711,-16.92288035,10,house
145.7322164,-16.9226201,10,house
145.73793668764733,-16.922689324718306,10,house
145.73172805000002,-16.9228266,10,house
145.73473458770147,-16.922308345950388,10,house
145.73531008098445,-16.9222494033695,10,house
145.7327154834141,-16.92191778805772,10,house
145.73971082824906,-16.92247872270335,10,house
145.73930300824904,-16.922033618804637,10,house
145.73560660407952,-16.921701064641095,10,house
145.73539157154377,-16.92179777955676,10,house
145.73834870353775,-16.922380450160304,10,house
145.7343131018868,-16.921932731489132,10,house
145.73511290259125,-16.92215355796058,10,house
145.7334797247766,-16.91696840854545,10,house
145.73548147719202,-16.917336785930562,10,house
145.7359135886862,-16.917402023523746,10,house
145.73836447212042,-16.923502372203213,10,house
145.73309279176672,-16.91685562460416,10,house
145.7313756315122,-16.917412490870166,10,house
145.73737281873568,-16.917922299139775,10,house
145.73209087046462,-16.9174540748142,10,house
145.73719360051658,-16.91781865166965,10,house
145.7336624206812,-16.917004048601267,10,house
145.7332989885916,-16.9168911992338,10,house
145.7356723939884,-16.91737546477253,10,house
